<Ui xmlns="http://www.blizzard.com/wow/ui/">	
	<Script file='misc.lua'/>
	<Script file='bgmap.lua'/>
	<Script file='reforge.lua'/>
	<Script file='calendar.lua'/>
	<Script file='achievement.lua'/>
	<Script file='lfguild.lua'/>
	<Script file='inspect.lua'/>
	<Script file='binding.lua'/>
	<Script file='gbank.lua'/>
	<Script file='archaeology.lua'/>
	<Script file='guildcontrol.lua'/>
	<Script file='guild.lua'/>
	<Script file='tradeskill.lua'/>
	<Script file='raid.lua'/>
	<Script file='talent.lua'/>
	<Script file='glyph.lua'/>
	<Script file='auctionhouse.lua'/>
	<Script file='barber.lua'/>
	<Script file='macro.lua'/>
	<Script file='debug.lua'/>
	<Script file='trainer.lua'/>
	<Script file='socket.lua'/>
	<Script file='achievement_popup.lua'/>
	<Script file='bgscore.lua'/>
	<Script file='merchant.lua'/>
	<Script file='mail.lua'/>
	<Script file='help.lua'/>
	<Script file='trade.lua'/>
	<Script file='gossip.lua'/>
	<Script file='greeting.lua'/>
	<Script file='worldmap.lua'/>
	<Script file='taxi.lua'/>
	<Script file='lfd.lua'/>
	<Script file='quest.lua'/>
	<Script file='petition.lua'/>
	<Script file='dressingroom.lua'/>
	<Script file='pvp.lua'/>
	<Script file='nonraid.lua'/>
	<Script file='friends.lua'/>
	<Script file='spellbook.lua'/>
	<Script file='character.lua'/>
	<Script file='lfr.lua'/>
	<Script file='tabard.lua'/>
	<Script file='guildregistrar.lua'/>
	<Script file='timemanager.lua'/>	
	<Script file='encounterjournal.lua'/>
	<Script file='bags.lua'/>
	<Script file='transmogrification.lua'/>
	<Script file='voidstorage.lua'/>
	<Script file='stable.lua'/>
</Ui>