<Ui xmlns="http://www.blizzard.com/wow/ui/">		
	<Script file="oUF_AuraWatch\oUF_AuraWatch.lua"/>
	<Script file="oUF_RaidDebuffs\oUF_RaidDebuffs.lua"/>
	<Script file="oUF_CombatFeedback\oUF_CombatFeedback.lua"/>
	<Script file="oUF_DebuffHighlight\oUF_DebuffHighlight.lua"/>
	<Script file="oUF_MovableFrames\movable.lua"/>
	<Script file="oUF_Smooth\oUF_Smooth.lua"/>
	<Script file="oUF_TotemBar\oUF_TotemBar.lua"/>
	<Script file="oUF_Trinkets\oUF_Trinkets.lua"/>
	<Script file="oUF_Swing\oUF_Swing.lua"/>
	<Script file="oUF_DruidMana\oUF_DruidMana.lua"/>
	<Script file="oUF_CombatFader\oUF_CombatFader.lua"/>
</Ui>